문서,로더,페이지,전체문자수,순수문자수,마크다운표수,표정합성,행중복률,실행시간(s),비용(USD),상태
1. 협력사 운영 통합 안내서 (p.23).pdf,PyPDF,23,8388,7267,0,,,3.42,0.0,OK
1. 협력사 운영 통합 안내서 (p.23).pdf,PDFPlumber,23,8357,7267,0,,,5.41,0.0,OK
1. 협력사 운영 통합 안내서 (p.23).pdf,PyMuPDF,23,8246,7267,0,,,0.24,0.0,OK
1. 협력사 운영 통합 안내서 (p.23).pdf,PyMuPDF+Markdown,23,14316,10826,21,1.0,0.058,2.06,0.0,OK
1. 협력사 운영 통합 안내서 (p.23).pdf,하이브리드 VLM,23,21422,15882,24,1.0,0.052,10.19,0.3298,OK (실측 23/23p)
2. Hmall 소개서 (p.30).pdf,PyPDF,30,7266,5434,0,,,3.75,0.0,OK
2. Hmall 소개서 (p.30).pdf,PDFPlumber,30,6812,5434,0,,,8.39,0.0,OK
2. Hmall 소개서 (p.30).pdf,PyMuPDF,30,6235,5434,0,,,0.16,0.0,OK
2. Hmall 소개서 (p.30).pdf,PyMuPDF+Markdown,30,12335,6769,11,1.0,0.578,3.72,0.0,OK
2. Hmall 소개서 (p.30).pdf,하이브리드 VLM,30,19709,13970,25,1.0,0.09,5.47,0.2396,OK (실측 30/30p)
3. 쇼라 소개서 (p.22).pdf,PyPDF,22,21,0,0,,,0.05,0.0,OK
3. 쇼라 소개서 (p.22).pdf,PDFPlumber,22,43,0,0,,,0.05,0.0,OK
3. 쇼라 소개서 (p.22).pdf,PyMuPDF,22,21,0,0,,,0.02,0.0,OK
3. 쇼라 소개서 (p.22).pdf,PyMuPDF+Markdown,22,21,0,0,,,0.04,0.0,OK
3. 쇼라 소개서 (p.22).pdf,하이브리드 VLM,22,14987,10226,12,1.0,0.068,11.18,0.3225,OK (실측 22/22p)
4. 광고 상품 소개서 (p.24).pdf,PyPDF,24,9611,7098,0,,,21.34,0.0,OK
4. 광고 상품 소개서 (p.24).pdf,PDFPlumber,24,9018,7098,0,,,52.34,0.0,OK
4. 광고 상품 소개서 (p.24).pdf,PyMuPDF,24,8648,7098,0,,,0.53,0.0,OK
4. 광고 상품 소개서 (p.24).pdf,PyMuPDF+Markdown,24,39886,17322,24,1.0,0.075,10.9,0.0,OK
4. 광고 상품 소개서 (p.24).pdf,하이브리드 VLM,24,28177,19249,23,1.0,0.329,19.09,0.5217,OK (실측 24/24p)
5. 협력사시스템 사용법 (p.10).pdf,PyPDF,10,15,6,0,,,1.32,0.0,OK
5. 협력사시스템 사용법 (p.10).pdf,PDFPlumber,10,25,6,0,,,3.47,0.0,OK
5. 협력사시스템 사용법 (p.10).pdf,PyMuPDF,10,15,6,0,,,0.08,0.0,OK
5. 협력사시스템 사용법 (p.10).pdf,PyMuPDF+Markdown,10,15,6,0,,,1.13,0.0,OK
5. 협력사시스템 사용법 (p.10).pdf,하이브리드 VLM,10,13966,9449,11,1.0,0.163,2.43,0.1965,OK (실측 10/10p)
6. 신규 협력사 입점 절차 안내 (p.21).pdf,PyPDF,21,6598,5731,0,,,12.82,0.0,OK
6. 신규 협력사 입점 절차 안내 (p.21).pdf,PDFPlumber,21,6598,5731,0,,,36.11,0.0,OK
6. 신규 협력사 입점 절차 안내 (p.21).pdf,PyMuPDF,21,6493,5727,0,,,0.4,0.0,OK
6. 신규 협력사 입점 절차 안내 (p.21).pdf,PyMuPDF+Markdown,21,7006,5960,2,1.0,0.091,6.64,0.0,OK
6. 신규 협력사 입점 절차 안내 (p.21).pdf,하이브리드 VLM,21,17413,12201,20,1.0,0.045,13.2,0.1232,OK (실측 21/21p)
7. 데이터 영역 광고 제안서 (p.8).pdf,PyPDF,8,1096,829,0,,,0.2,0.0,OK
7. 데이터 영역 광고 제안서 (p.8).pdf,PDFPlumber,8,1115,829,0,,,0.44,0.0,OK
7. 데이터 영역 광고 제안서 (p.8).pdf,PyMuPDF,8,1001,829,0,,,0.03,0.0,OK
7. 데이터 영역 광고 제안서 (p.8).pdf,PyMuPDF+Markdown,8,1755,1299,4,1.0,0.12,0.2,0.0,OK
7. 데이터 영역 광고 제안서 (p.8).pdf,하이브리드 VLM,8,2636,1803,6,1.0,0.059,1.92,0.0823,OK (실측 8/8p)
8. QA가이드 (p.38).pdf,PyPDF,38,24002,18830,0,,,2.27,0.0,OK
8. QA가이드 (p.38).pdf,PDFPlumber,38,23923,18839,0,,,5.14,0.0,OK
8. QA가이드 (p.38).pdf,PyMuPDF,38,22276,18830,0,,,0.11,0.0,OK
8. QA가이드 (p.38).pdf,PyMuPDF+Markdown,38,46780,35539,30,1.0,0.158,5.58,0.0,OK
8. QA가이드 (p.38).pdf,하이브리드 VLM,38,62115,47095,34,1.0,0.177,11.6,0.9747,OK (실측 38/38p)
